<?xml version="1.0" encoding="utf-8"?>
<cwbopendata xmlns="urn:cwb:gov:tw:cwbcommon:0.1">
  <identifier>971ec487-603f-4eb2-9a76-8113ac8b4695</identifier>
  <sender>weather@cwb.gov.tw</sender>
  <sent>2020-12-20T18:20:16+08:00</sent>
  <status>Actual</status>
  <scope>Public</scope>
  <msgType>Issue</msgType>
  <dataid>null</dataid>
  <source>MFC</source>
  <dataset>
    <datasetInfo>
      <datasetDescription>臺灣各縣市鄉鎮未來1週逐24小時天氣預報</datasetDescription>
      <datasetLanguage>zh-TW</datasetLanguage>
      <issueTime>2020-12-20T17:00:00+08:00</issueTime>
      <validTime>
        <startTime>2020-12-20T18:00:00+08:00</startTime>
        <endTime>2020-12-28T17:00:00+08:00</endTime>
      </validTime>
      <update>2020-12-20T18:20:16+08:00</update>
    </datasetInfo>
    <locations>
      <locationsName>嘉義市</locationsName>
      <location>
        <locationName>東區</locationName>
        <geocode>1002001</geocode>
        <lat>23.480384</lat>
        <lon>120.445361</lon>
        <weatherElement>
          <elementName>T</elementName>
          <description>平均溫度</description>
          <time>
            <startTime>2020-12-21T00:00:00+08:00</startTime>
            <endTime>2020-12-22T00:00:00+08:00</endTime>
            <elementValue>
              <value>18</value>
              <measures>攝氏度</measures>
            </elementValue>
          </time>
          <time>
            <startTime>2020-12-22T00:00:00+08:00</startTime>
            <endTime>2020-12-23T00:00:00+08:00</endTime>
            <elementValue>
              <value>19</value>
              <measures>攝氏度</measures>
            </elementValue>
          </time>
          <time>
            <startTime>2020-12-23T00:00:00+08:00</startTime>
            <endTime>2020-12-24T00:00:00+08:00</endTime>
            <elementValue>
              <value>20</value>
              <measures>攝氏度</measures>
            </elementValue>
          </time>
          <time>
            <startTime>2020-12-24T00:00:00+08:00</startTime>
            <endTime>2020-12-25T00:00:00+08:00</endTime>
            <elementValue>
              <value>20</value>
              <measures>攝氏度</measures>
            </elementValue>
          </time>
          <time>
            <startTime>2020-12-25T00:00:00+08:00</startTime>
            <endTime>2020-12-26T00:00:00+08:00</endTime>
            <elementValue>
              <value>20</value>
              <measures>攝氏度</measures>
            </elementValue>
          </time>
          <time>
            <startTime>2020-12-26T00:00:00+08:00</startTime>
            <endTime>2020-12-27T00:00:00+08:00</endTime>
            <elementValue>
              <value>20</value>
              <measures>攝氏度</measures>
            </elementValue>
          </time>
          <time>
            <startTime>2020-12-27T00:00:00+08:00</startTime>
            <endTime>2020-12-28T00:00:00+08:00</endTime>
            <elementValue>
              <value>20</value>
              <measures>攝氏度</measures>
            </elementValue>
          </time>
        </weatherElement>
        <weatherElement>
          <elementName>Td</elementName>
          <description>平均露點溫度</description>
          <time>
            <startTime>2020-12-21T00:00:00+08:00</startTime>
            <endTime>2020-12-22T00:00:00+08:00</endTime>
            <elementValue>
              <value>14</value>
              <measures>攝氏度</measures>
            </elementValue>
          </time>
          <time>
            <startTime>2020-12-22T00:00:00+08:00</startTime>
            <endTime>2020-12-23T00:00:00+08:00</endTime>
            <elementValue>
              <value>16</value>
              <measures>攝氏度</measures>
            </elementValue>
          </time>
          <time>
            <startTime>2020-12-23T00:00:00+08:00</startTime>
            <endTime>2020-12-24T00:00:00+08:00</endTime>
            <elementValue>
              <value>16</value>
              <measures>攝氏度</measures>
            </elementValue>
          </time>
          <time>
            <startTime>2020-12-24T00:00:00+08:00</startTime>
            <endTime>2020-12-25T00:00:00+08:00</endTime>
            <elementValue>
              <value>16</value>
              <measures>攝氏度</measures>
            </elementValue>
          </time>
          <time>
            <startTime>2020-12-25T00:00:00+08:00</startTime>
            <endTime>2020-12-26T00:00:00+08:00</endTime>
            <elementValue>
              <value>16</value>
              <measures>攝氏度</measures>
            </elementValue>
          </time>
          <time>
            <startTime>2020-12-26T00:00:00+08:00</startTime>
            <endTime>2020-12-27T00:00:00+08:00</endTime>
            <elementValue>
              <value>16</value>
              <measures>攝氏度</measures>
            </elementValue>
          </time>
          <time>
            <startTime>2020-12-27T00:00:00+08:00</startTime>
            <endTime>2020-12-28T00:00:00+08:00</endTime>
            <elementValue>
              <value>16</value>
              <measures>攝氏度</measures>
            </elementValue>
          </time>
        </weatherElement>
        <weatherElement>
          <elementName>RH</elementName>
          <description>平均相對濕度</description>
          <time>
            <startTime>2020-12-21T00:00:00+08:00</startTime>
            <endTime>2020-12-22T00:00:00+08:00</endTime>
            <elementValue>
              <value>80</value>
              <measures>百分比</measures>
            </elementValue>
          </time>
          <time>
            <startTime>2020-12-22T00:00:00+08:00</startTime>
            <endTime>2020-12-23T00:00:00+08:00</endTime>
            <elementValue>
              <value>81</value>
              <measures>百分比</measures>
            </elementValue>
          </time>
          <time>
            <startTime>2020-12-23T00:00:00+08:00</startTime>
            <endTime>2020-12-24T00:00:00+08:00</endTime>
            <elementValue>
              <value>79</value>
              <measures>百分比</measures>
            </elementValue>
          </time>
          <time>
            <startTime>2020-12-24T00:00:00+08:00</startTime>
            <endTime>2020-12-25T00:00:00+08:00</endTime>
            <elementValue>
              <value>80</value>
              <measures>百分比</measures>
            </elementValue>
          </time>
          <time>
            <startTime>2020-12-25T00:00:00+08:00</startTime>
            <endTime>2020-12-26T00:00:00+08:00</endTime>
            <elementValue>
              <value>79</value>
              <measures>百分比</measures>
            </elementValue>
          </time>
          <time>
            <startTime>2020-12-26T00:00:00+08:00</startTime>
            <endTime>2020-12-27T00:00:00+08:00</endTime>
            <elementValue>
              <value>78</value>
              <measures>百分比</measures>
            </elementValue>
          </time>
          <time>
            <startTime>2020-12-27T00:00:00+08:00</startTime>
            <endTime>2020-12-28T00:00:00+08:00</endTime>
            <elementValue>
              <value>79</value>
              <measures>百分比</measures>
            </elementValue>
          </time>
        </weatherElement>
        <weatherElement>
          <elementName>MaxT</elementName>
          <description>最高溫度</description>
          <time>
            <startTime>2020-12-21T00:00:00+08:00</startTime>
            <endTime>2020-12-22T00:00:00+08:00</endTime>
            <elementValue>
              <value>20</value>
              <measures>攝氏度</measures>
            </elementValue>
          </time>
          <time>
            <startTime>2020-12-22T00:00:00+08:00</startTime>
            <endTime>2020-12-23T00:00:00+08:00</endTime>
            <elementValue>
              <value>24</value>
              <measures>攝氏度</measures>
            </elementValue>
          </time>
          <time>
            <startTime>2020-12-23T00:00:00+08:00</startTime>
            <endTime>2020-12-24T00:00:00+08:00</endTime>
            <elementValue>
              <value>24</value>
              <measures>攝氏度</measures>
            </elementValue>
          </time>
          <time>
            <startTime>2020-12-24T00:00:00+08:00</startTime>
            <endTime>2020-12-25T00:00:00+08:00</endTime>
            <elementValue>
              <value>25</value>
              <measures>攝氏度</measures>
            </elementValue>
          </time>
          <time>
            <startTime>2020-12-25T00:00:00+08:00</startTime>
            <endTime>2020-12-26T00:00:00+08:00</endTime>
            <elementValue>
              <value>25</value>
              <measures>攝氏度</measures>
            </elementValue>
          </time>
          <time>
            <startTime>2020-12-26T00:00:00+08:00</startTime>
            <endTime>2020-12-27T00:00:00+08:00</endTime>
            <elementValue>
              <value>25</value>
              <measures>攝氏度</measures>
            </elementValue>
          </time>
          <time>
            <startTime>2020-12-27T00:00:00+08:00</startTime>
            <endTime>2020-12-28T00:00:00+08:00</endTime>
            <elementValue>
              <value>25</value>
              <measures>攝氏度</measures>
            </elementValue>
          </time>
        </weatherElement>
        <weatherElement>
          <elementName>MinT</elementName>
          <description>最低溫度</description>
          <time>
            <startTime>2020-12-21T00:00:00+08:00</startTime>
            <endTime>2020-12-22T00:00:00+08:00</endTime>
            <elementValue>
              <value>16</value>
              <measures>攝氏度</measures>
            </elementValue>
          </time>
          <time>
            <startTime>2020-12-22T00:00:00+08:00</startTime>
            <endTime>2020-12-23T00:00:00+08:00</endTime>
            <elementValue>
              <value>16</value>
              <measures>攝氏度</measures>
            </elementValue>
          </time>
          <time>
            <startTime>2020-12-23T00:00:00+08:00</startTime>
            <endTime>2020-12-24T00:00:00+08:00</endTime>
            <elementValue>
              <value>17</value>
              <measures>攝氏度</measures>
            </elementValue>
          </time>
          <time>
            <startTime>2020-12-24T00:00:00+08:00</startTime>
            <endTime>2020-12-25T00:00:00+08:00</endTime>
            <elementValue>
              <value>18</value>
              <measures>攝氏度</measures>
            </elementValue>
          </time>
          <time>
            <startTime>2020-12-25T00:00:00+08:00</startTime>
            <endTime>2020-12-26T00:00:00+08:00</endTime>
            <elementValue>
              <value>16</value>
              <measures>攝氏度</measures>
            </elementValue>
          </time>
          <time>
            <startTime>2020-12-26T00:00:00+08:00</startTime>
            <endTime>2020-12-27T00:00:00+08:00</endTime>
            <elementValue>
              <value>16</value>
              <measures>攝氏度</measures>
            </elementValue>
          </time>
          <time>
            <startTime>2020-12-27T00:00:00+08:00</startTime>
            <endTime>2020-12-28T00:00:00+08:00</endTime>
            <elementValue>
              <value>16</value>
              <measures>攝氏度</measures>
            </elementValue>
          </time>
        </weatherElement>
        <weatherElement>
          <elementName>MaxAT</elementName>
          <description>最高體感溫度</description>
          <time>
            <startTime>2020-12-21T00:00:00+08:00</startTime>
            <endTime>2020-12-22T00:00:00+08:00</endTime>
            <elementValue>
              <value>19</value>
              <measures>攝氏度</measures>
            </elementValue>
          </time>
          <time>
            <startTime>2020-12-22T00:00:00+08:00</startTime>
            <endTime>2020-12-23T00:00:00+08:00</endTime>
            <elementValue>
              <value>24</value>
              <measures>攝氏度</measures>
            </elementValue>
          </time>
          <time>
            <startTime>2020-12-23T00:00:00+08:00</startTime>
            <endTime>2020-12-24T00:00:00+08:00</endTime>
            <elementValue>
              <value>25</value>
              <measures>攝氏度</measures>
            </elementValue>
          </time>
          <time>
            <startTime>2020-12-24T00:00:00+08:00</startTime>
            <endTime>2020-12-25T00:00:00+08:00</endTime>
            <elementValue>
              <value>24</value>
              <measures>攝氏度</measures>
            </elementValue>
          </time>
          <time>
            <startTime>2020-12-25T00:00:00+08:00</startTime>
            <endTime>2020-12-26T00:00:00+08:00</endTime>
            <elementValue>
              <value>25</value>
              <measures>攝氏度</measures>
            </elementValue>
          </time>
          <time>
            <startTime>2020-12-26T00:00:00+08:00</startTime>
            <endTime>2020-12-27T00:00:00+08:00</endTime>
            <elementValue>
              <value>25</value>
              <measures>攝氏度</measures>
            </elementValue>
          </time>
          <time>
            <startTime>2020-12-27T00:00:00+08:00</startTime>
            <endTime>2020-12-28T00:00:00+08:00</endTime>
            <elementValue>
              <value>26</value>
              <measures>攝氏度</measures>
            </elementValue>
          </time>
        </weatherElement>
        <weatherElement>
          <elementName>MinAT</elementName>
          <description>最低體感溫度</description>
          <time>
            <startTime>2020-12-21T00:00:00+08:00</startTime>
            <endTime>2020-12-22T00:00:00+08:00</endTime>
            <elementValue>
              <value>14</value>
              <measures>攝氏度</measures>
            </elementValue>
          </time>
          <time>
            <startTime>2020-12-22T00:00:00+08:00</startTime>
            <endTime>2020-12-23T00:00:00+08:00</endTime>
            <elementValue>
              <value>16</value>
              <measures>攝氏度</measures>
            </elementValue>
          </time>
          <time>
            <startTime>2020-12-23T00:00:00+08:00</startTime>
            <endTime>2020-12-24T00:00:00+08:00</endTime>
            <elementValue>
              <value>16</value>
              <measures>攝氏度</measures>
            </elementValue>
          </time>
          <time>
            <startTime>2020-12-24T00:00:00+08:00</startTime>
            <endTime>2020-12-25T00:00:00+08:00</endTime>
            <elementValue>
              <value>17</value>
              <measures>攝氏度</measures>
            </elementValue>
          </time>
          <time>
            <startTime>2020-12-25T00:00:00+08:00</startTime>
            <endTime>2020-12-26T00:00:00+08:00</endTime>
            <elementValue>
              <value>15</value>
              <measures>攝氏度</measures>
            </elementValue>
          </time>
          <time>
            <startTime>2020-12-26T00:00:00+08:00</startTime>
            <endTime>2020-12-27T00:00:00+08:00</endTime>
            <elementValue>
              <value>15</value>
              <measures>攝氏度</measures>
            </elementValue>
          </time>
          <time>
            <startTime>2020-12-27T00:00:00+08:00</startTime>
            <endTime>2020-12-28T00:00:00+08:00</endTime>
            <elementValue>
              <value>16</value>
              <measures>攝氏度</measures>
            </elementValue>
          </time>
        </weatherElement>
        <weatherElement>
          <elementName>MaxCI</elementName>
          <description>最大舒適度指數</description>
          <time>
            <startTime>2020-12-21T00:00:00+08:00</startTime>
            <endTime>2020-12-22T00:00:00+08:00</endTime>
            <elementValue>
              <value>18</value>
              <measures>NA</measures>
            </elementValue>
          </time>
          <time>
            <startTime>2020-12-22T00:00:00+08:00</startTime>
            <endTime>2020-12-23T00:00:00+08:00</endTime>
            <elementValue>
              <value>22</value>
              <measures>NA</measures>
            </elementValue>
          </time>
          <time>
            <startTime>2020-12-23T00:00:00+08:00</startTime>
            <endTime>2020-12-24T00:00:00+08:00</endTime>
            <elementValue>
              <value>22</value>
              <measures>NA</measures>
            </elementValue>
          </time>
          <time>
            <startTime>2020-12-24T00:00:00+08:00</startTime>
            <endTime>2020-12-25T00:00:00+08:00</endTime>
            <elementValue>
              <value>23</value>
              <measures>NA</measures>
            </elementValue>
          </time>
          <time>
            <startTime>2020-12-25T00:00:00+08:00</startTime>
            <endTime>2020-12-26T00:00:00+08:00</endTime>
            <elementValue>
              <value>23</value>
              <measures>NA</measures>
            </elementValue>
          </time>
          <time>
            <startTime>2020-12-26T00:00:00+08:00</startTime>
            <endTime>2020-12-27T00:00:00+08:00</endTime>
            <elementValue>
              <value>23</value>
              <measures>NA</measures>
            </elementValue>
          </time>
          <time>
            <startTime>2020-12-27T00:00:00+08:00</startTime>
            <endTime>2020-12-28T00:00:00+08:00</endTime>
            <elementValue>
              <value>23</value>
              <measures>NA</measures>
            </elementValue>
          </time>
        </weatherElement>
        <weatherElement>
          <elementName>MinCI</elementName>
          <description>最小舒適度指數</description>
          <time>
            <startTime>2020-12-21T00:00:00+08:00</startTime>
            <endTime>2020-12-22T00:00:00+08:00</endTime>
            <elementValue>
              <value>16</value>
              <measures>NA</measures>
            </elementValue>
          </time>
          <time>
            <startTime>2020-12-22T00:00:00+08:00</startTime>
            <endTime>2020-12-23T00:00:00+08:00</endTime>
            <elementValue>
              <value>16</value>
              <measures>NA</measures>
            </elementValue>
          </time>
          <time>
            <startTime>2020-12-23T00:00:00+08:00</startTime>
            <endTime>2020-12-24T00:00:00+08:00</endTime>
            <elementValue>
              <value>17</value>
              <measures>NA</measures>
            </elementValue>
          </time>
          <time>
            <startTime>2020-12-24T00:00:00+08:00</startTime>
            <endTime>2020-12-25T00:00:00+08:00</endTime>
            <elementValue>
              <value>17</value>
              <measures>NA</measures>
            </elementValue>
          </time>
          <time>
            <startTime>2020-12-25T00:00:00+08:00</startTime>
            <endTime>2020-12-26T00:00:00+08:00</endTime>
            <elementValue>
              <value>16</value>
              <measures>NA</measures>
            </elementValue>
          </time>
          <time>
            <startTime>2020-12-26T00:00:00+08:00</startTime>
            <endTime>2020-12-27T00:00:00+08:00</endTime>
            <elementValue>
              <value>16</value>
              <measures>NA</measures>
            </elementValue>
          </time>
          <time>
            <startTime>2020-12-27T00:00:00+08:00</startTime>
            <endTime>2020-12-28T00:00:00+08:00</endTime>
            <elementValue>
              <value>16</value>
              <measures>NA</measures>
            </elementValue>
          </time>
        </weatherElement>
        <weatherElement>
          <elementName>PoP24h</elementName>
          <description>24小時降雨機率</description>
          <time>
            <startTime>2020-12-21T00:00:00+08:00</startTime>
            <endTime>2020-12-22T00:00:00+08:00</endTime>
            <elementValue>
              <value>20</value>
              <measures>百分比</measures>
            </elementValue>
          </time>
          <time>
            <startTime>2020-12-22T00:00:00+08:00</startTime>
            <endTime>2020-12-23T00:00:00+08:00</endTime>
            <elementValue>
              <value>20</value>
              <measures>百分比</measures>
            </elementValue>
          </time>
          <time>
            <startTime>2020-12-23T00:00:00+08:00</startTime>
            <endTime>2020-12-24T00:00:00+08:00</endTime>
            <elementValue>
              <value>10</value>
              <measures>百分比</measures>
            </elementValue>
          </time>
          <time>
            <startTime>2020-12-24T00:00:00+08:00</startTime>
            <endTime>2020-12-25T00:00:00+08:00</endTime>
            <elementValue>
              <value> </value>
              <measures>百分比</measures>
            </elementValue>
          </time>
          <time>
            <startTime>2020-12-25T00:00:00+08:00</startTime>
            <endTime>2020-12-26T00:00:00+08:00</endTime>
            <elementValue>
              <value> </value>
              <measures>百分比</measures>
            </elementValue>
          </time>
          <time>
            <startTime>2020-12-26T00:00:00+08:00</startTime>
            <endTime>2020-12-27T00:00:00+08:00</endTime>
            <elementValue>
              <value> </value>
              <measures>百分比</measures>
            </elementValue>
          </time>
          <time>
            <startTime>2020-12-27T00:00:00+08:00</startTime>
            <endTime>2020-12-28T00:00:00+08:00</endTime>
            <elementValue>
              <value> </value>
              <measures>百分比</measures>
            </elementValue>
          </time>
        </weatherElement>
        <weatherElement>
          <elementName>WD</elementName>
          <description>風向</description>
          <time>
            <startTime>2020-12-21T00:00:00+08:00</startTime>
            <endTime>2020-12-22T00:00:00+08:00</endTime>
            <elementValue>
              <value>偏北風</value>
              <measures>8方位</measures>
            </elementValue>
          </time>
          <time>
            <startTime>2020-12-22T00:00:00+08:00</startTime>
            <endTime>2020-12-23T00:00:00+08:00</endTime>
            <elementValue>
              <value>東北風</value>
              <measures>8方位</measures>
            </elementValue>
          </time>
          <time>
            <startTime>2020-12-23T00:00:00+08:00</startTime>
            <endTime>2020-12-24T00:00:00+08:00</endTime>
            <elementValue>
              <value>偏南風</value>
              <measures>8方位</measures>
            </elementValue>
          </time>
          <time>
            <startTime>2020-12-24T00:00:00+08:00</startTime>
            <endTime>2020-12-25T00:00:00+08:00</endTime>
            <elementValue>
              <value>偏北風</value>
              <measures>8方位</measures>
            </elementValue>
          </time>
          <time>
            <startTime>2020-12-25T00:00:00+08:00</startTime>
            <endTime>2020-12-26T00:00:00+08:00</endTime>
            <elementValue>
              <value>偏北風</value>
              <measures>8方位</measures>
            </elementValue>
          </time>
          <time>
            <startTime>2020-12-26T00:00:00+08:00</startTime>
            <endTime>2020-12-27T00:00:00+08:00</endTime>
            <elementValue>
              <value>西南風</value>
              <measures>8方位</measures>
            </elementValue>
          </time>
          <time>
            <startTime>2020-12-27T00:00:00+08:00</startTime>
            <endTime>2020-12-28T00:00:00+08:00</endTime>
            <elementValue>
              <value>東北風</value>
              <measures>8方位</measures>
            </elementValue>
          </time>
        </weatherElement>
        <weatherElement>
          <elementName>WS</elementName>
          <description>最大風速</description>
          <time>
            <startTime>2020-12-21T00:00:00+08:00</startTime>
            <endTime>2020-12-22T00:00:00+08:00</endTime>
            <elementValue>
              <value>4</value>
              <measures>公尺/秒</measures>
            </elementValue>
            <elementValue>
              <value>3</value>
              <measures>蒲福風級</measures>
            </elementValue>
          </time>
          <time>
            <startTime>2020-12-22T00:00:00+08:00</startTime>
            <endTime>2020-12-23T00:00:00+08:00</endTime>
            <elementValue>
              <value>4</value>
              <measures>公尺/秒</measures>
            </elementValue>
            <elementValue>
              <value>3</value>
              <measures>蒲福風級</measures>
            </elementValue>
          </time>
          <time>
            <startTime>2020-12-23T00:00:00+08:00</startTime>
            <endTime>2020-12-24T00:00:00+08:00</endTime>
            <elementValue>
              <value>4</value>
              <measures>公尺/秒</measures>
            </elementValue>
            <elementValue>
              <value>3</value>
              <measures>蒲福風級</measures>
            </elementValue>
          </time>
          <time>
            <startTime>2020-12-24T00:00:00+08:00</startTime>
            <endTime>2020-12-25T00:00:00+08:00</endTime>
            <elementValue>
              <value>4</value>
              <measures>公尺/秒</measures>
            </elementValue>
            <elementValue>
              <value>3</value>
              <measures>蒲福風級</measures>
            </elementValue>
          </time>
          <time>
            <startTime>2020-12-25T00:00:00+08:00</startTime>
            <endTime>2020-12-26T00:00:00+08:00</endTime>
            <elementValue>
              <value>4</value>
              <measures>公尺/秒</measures>
            </elementValue>
            <elementValue>
              <value>3</value>
              <measures>蒲福風級</measures>
            </elementValue>
          </time>
          <time>
            <startTime>2020-12-26T00:00:00+08:00</startTime>
            <endTime>2020-12-27T00:00:00+08:00</endTime>
            <elementValue>
              <value>4</value>
              <measures>公尺/秒</measures>
            </elementValue>
            <elementValue>
              <value>3</value>
              <measures>蒲福風級</measures>
            </elementValue>
          </time>
          <time>
            <startTime>2020-12-27T00:00:00+08:00</startTime>
            <endTime>2020-12-28T00:00:00+08:00</endTime>
            <elementValue>
              <value>4</value>
              <measures>公尺/秒</measures>
            </elementValue>
            <elementValue>
              <value>3</value>
              <measures>蒲福風級</measures>
            </elementValue>
          </time>
        </weatherElement>
        <weatherElement>
          <elementName>Wx</elementName>
          <description>天氣現象</description>
          <time>
            <startTime>2020-12-21T00:00:00+08:00</startTime>
            <endTime>2020-12-22T00:00:00+08:00</endTime>
            <elementValue>
              <value>多雲時陰</value>
              <measures>自定義 Wx 文字</measures>
            </elementValue>
            <elementValue>
              <value>05</value>
              <measures>自定義 Wx 單位</measures>
            </elementValue>
          </time>
          <time>
            <startTime>2020-12-22T00:00:00+08:00</startTime>
            <endTime>2020-12-23T00:00:00+08:00</endTime>
            <elementValue>
              <value>多雲</value>
              <measures>自定義 Wx 文字</measures>
            </elementValue>
            <elementValue>
              <value>04</value>
              <measures>自定義 Wx 單位</measures>
            </elementValue>
          </time>
          <time>
            <startTime>2020-12-23T00:00:00+08:00</startTime>
            <endTime>2020-12-24T00:00:00+08:00</endTime>
            <elementValue>
              <value>陰時多雲</value>
              <measures>自定義 Wx 文字</measures>
            </elementValue>
            <elementValue>
              <value>06</value>
              <measures>自定義 Wx 單位</measures>
            </elementValue>
          </time>
          <time>
            <startTime>2020-12-24T00:00:00+08:00</startTime>
            <endTime>2020-12-25T00:00:00+08:00</endTime>
            <elementValue>
              <value>多雲</value>
              <measures>自定義 Wx 文字</measures>
            </elementValue>
            <elementValue>
              <value>04</value>
              <measures>自定義 Wx 單位</measures>
            </elementValue>
          </time>
          <time>
            <startTime>2020-12-25T00:00:00+08:00</startTime>
            <endTime>2020-12-26T00:00:00+08:00</endTime>
            <elementValue>
              <value>多雲時晴</value>
              <measures>自定義 Wx 文字</measures>
            </elementValue>
            <elementValue>
              <value>03</value>
              <measures>自定義 Wx 單位</measures>
            </elementValue>
          </time>
          <time>
            <startTime>2020-12-26T00:00:00+08:00</startTime>
            <endTime>2020-12-27T00:00:00+08:00</endTime>
            <elementValue>
              <value>晴時多雲</value>
              <measures>自定義 Wx 文字</measures>
            </elementValue>
            <elementValue>
              <value>02</value>
              <measures>自定義 Wx 單位</measures>
            </elementValue>
          </time>
          <time>
            <startTime>2020-12-27T00:00:00+08:00</startTime>
            <endTime>2020-12-28T00:00:00+08:00</endTime>
            <elementValue>
              <value>晴時多雲</value>
              <measures>自定義 Wx 文字</measures>
            </elementValue>
            <elementValue>
              <value>02</value>
              <measures>自定義 Wx 單位</measures>
            </elementValue>
          </time>
        </weatherElement>
        <weatherElement>
          <elementName>UVI</elementName>
          <description>紫外線指數</description>
          <time>
            <startTime>2020-12-21T06:00:00+08:00</startTime>
            <endTime>2020-12-21T18:00:00+08:00</endTime>
            <elementValue>
              <value>3</value>
              <measures>紫外線指數</measures>
            </elementValue>
            <elementValue>
              <value>中量級</value>
              <measures>曝曬級數</measures>
            </elementValue>
          </time>
          <time>
            <startTime>2020-12-22T06:00:00+08:00</startTime>
            <endTime>2020-12-22T18:00:00+08:00</endTime>
            <elementValue>
              <value>4</value>
              <measures>紫外線指數</measures>
            </elementValue>
            <elementValue>
              <value>中量級</value>
              <measures>曝曬級數</measures>
            </elementValue>
          </time>
          <time>
            <startTime>2020-12-23T06:00:00+08:00</startTime>
            <endTime>2020-12-23T18:00:00+08:00</endTime>
            <elementValue>
              <value>4</value>
              <measures>紫外線指數</measures>
            </elementValue>
            <elementValue>
              <value>中量級</value>
              <measures>曝曬級數</measures>
            </elementValue>
          </time>
          <time>
            <startTime>2020-12-24T06:00:00+08:00</startTime>
            <endTime>2020-12-24T18:00:00+08:00</endTime>
            <elementValue>
              <value>4</value>
              <measures>紫外線指數</measures>
            </elementValue>
            <elementValue>
              <value>中量級</value>
              <measures>曝曬級數</measures>
            </elementValue>
          </time>
          <time>
            <startTime>2020-12-25T06:00:00+08:00</startTime>
            <endTime>2020-12-25T18:00:00+08:00</endTime>
            <elementValue>
              <value>4</value>
              <measures>紫外線指數</measures>
            </elementValue>
            <elementValue>
              <value>中量級</value>
              <measures>曝曬級數</measures>
            </elementValue>
          </time>
          <time>
            <startTime>2020-12-26T06:00:00+08:00</startTime>
            <endTime>2020-12-26T18:00:00+08:00</endTime>
            <elementValue>
              <value>5</value>
              <measures>紫外線指數</measures>
            </elementValue>
            <elementValue>
              <value>中量級</value>
              <measures>曝曬級數</measures>
            </elementValue>
          </time>
          <time>
            <startTime>2020-12-27T06:00:00+08:00</startTime>
            <endTime>2020-12-27T18:00:00+08:00</endTime>
            <elementValue>
              <value>4</value>
              <measures>紫外線指數</measures>
            </elementValue>
            <elementValue>
              <value>中量級</value>
              <measures>曝曬級數</measures>
            </elementValue>
          </time>
        </weatherElement>
        <weatherElement>
          <elementName>WeatherDescription</elementName>
          <description>天氣預報綜合描述</description>
          <time>
            <startTime>2020-12-21T00:00:00+08:00</startTime>
            <endTime>2020-12-22T00:00:00+08:00</endTime>
            <elementValue>
              <value>多雲時陰。降雨機率 20%。溫度攝氏16至20度。稍有寒意。偏北風 風速3級(每秒4公尺)。相對濕度80%。</value>
              <measures>NA</measures>
            </elementValue>
          </time>
          <time>
            <startTime>2020-12-22T00:00:00+08:00</startTime>
            <endTime>2020-12-23T00:00:00+08:00</endTime>
            <elementValue>
              <value>多雲。降雨機率 20%。溫度攝氏16至24度。稍有寒意至舒適。東北風 風速3級(每秒4公尺)。相對濕度81%。</value>
              <measures>NA</measures>
            </elementValue>
          </time>
          <time>
            <startTime>2020-12-23T00:00:00+08:00</startTime>
            <endTime>2020-12-24T00:00:00+08:00</endTime>
            <elementValue>
              <value>陰時多雲。降雨機率 10%。溫度攝氏17至24度。稍有寒意至舒適。偏南風 風速3級(每秒4公尺)。相對濕度79%。</value>
              <measures>NA</measures>
            </elementValue>
          </time>
          <time>
            <startTime>2020-12-24T00:00:00+08:00</startTime>
            <endTime>2020-12-25T00:00:00+08:00</endTime>
            <elementValue>
              <value>多雲。溫度攝氏18至25度。稍有寒意至舒適。偏北風 風速3級(每秒4公尺)。相對濕度80%。</value>
              <measures>NA</measures>
            </elementValue>
          </time>
          <time>
            <startTime>2020-12-25T00:00:00+08:00</startTime>
            <endTime>2020-12-26T00:00:00+08:00</endTime>
            <elementValue>
              <value>多雲時晴。溫度攝氏16至25度。稍有寒意至舒適。偏北風 風速3級(每秒4公尺)。相對濕度79%。</value>
              <measures>NA</measures>
            </elementValue>
          </time>
          <time>
            <startTime>2020-12-26T00:00:00+08:00</startTime>
            <endTime>2020-12-27T00:00:00+08:00</endTime>
            <elementValue>
              <value>晴時多雲。溫度攝氏16至25度。稍有寒意至舒適。西南風 風速3級(每秒4公尺)。相對濕度78%。</value>
              <measures>NA</measures>
            </elementValue>
          </time>
          <time>
            <startTime>2020-12-27T00:00:00+08:00</startTime>
            <endTime>2020-12-28T00:00:00+08:00</endTime>
            <elementValue>
              <value>晴時多雲。溫度攝氏16至25度。稍有寒意至舒適。東北風 風速3級(每秒4公尺)。相對濕度79%。</value>
              <measures>NA</measures>
            </elementValue>
          </time>
        </weatherElement>
      </location>
      <location>
        <locationName>西區</locationName>
        <geocode>1002002</geocode>
        <lat>23.466267</lat>
        <lon>120.427285</lon>
        <weatherElement>
          <elementName>T</elementName>
          <description>平均溫度</description>
          <time>
            <startTime>2020-12-21T00:00:00+08:00</startTime>
            <endTime>2020-12-22T00:00:00+08:00</endTime>
            <elementValue>
              <value>18</value>
              <measures>攝氏度</measures>
            </elementValue>
          </time>
          <time>
            <startTime>2020-12-22T00:00:00+08:00</startTime>
            <endTime>2020-12-23T00:00:00+08:00</endTime>
            <elementValue>
              <value>20</value>
              <measures>攝氏度</measures>
            </elementValue>
          </time>
          <time>
            <startTime>2020-12-23T00:00:00+08:00</startTime>
            <endTime>2020-12-24T00:00:00+08:00</endTime>
            <elementValue>
              <value>20</value>
              <measures>攝氏度</measures>
            </elementValue>
          </time>
          <time>
            <startTime>2020-12-24T00:00:00+08:00</startTime>
            <endTime>2020-12-25T00:00:00+08:00</endTime>
            <elementValue>
              <value>20</value>
              <measures>攝氏度</measures>
            </elementValue>
          </time>
          <time>
            <startTime>2020-12-25T00:00:00+08:00</startTime>
            <endTime>2020-12-26T00:00:00+08:00</endTime>
            <elementValue>
              <value>20</value>
              <measures>攝氏度</measures>
            </elementValue>
          </time>
          <time>
            <startTime>2020-12-26T00:00:00+08:00</startTime>
            <endTime>2020-12-27T00:00:00+08:00</endTime>
            <elementValue>
              <value>20</value>
              <measures>攝氏度</measures>
            </elementValue>
          </time>
          <time>
            <startTime>2020-12-27T00:00:00+08:00</startTime>
            <endTime>2020-12-28T00:00:00+08:00</endTime>
            <elementValue>
              <value>20</value>
              <measures>攝氏度</measures>
            </elementValue>
          </time>
        </weatherElement>
        <weatherElement>
          <elementName>Td</elementName>
          <description>平均露點溫度</description>
          <time>
            <startTime>2020-12-21T00:00:00+08:00</startTime>
            <endTime>2020-12-22T00:00:00+08:00</endTime>
            <elementValue>
              <value>14</value>
              <measures>攝氏度</measures>
            </elementValue>
          </time>
          <time>
            <startTime>2020-12-22T00:00:00+08:00</startTime>
            <endTime>2020-12-23T00:00:00+08:00</endTime>
            <elementValue>
              <value>16</value>
              <measures>攝氏度</measures>
            </elementValue>
          </time>
          <time>
            <startTime>2020-12-23T00:00:00+08:00</startTime>
            <endTime>2020-12-24T00:00:00+08:00</endTime>
            <elementValue>
              <value>16</value>
              <measures>攝氏度</measures>
            </elementValue>
          </time>
          <time>
            <startTime>2020-12-24T00:00:00+08:00</startTime>
            <endTime>2020-12-25T00:00:00+08:00</endTime>
            <elementValue>
              <value>17</value>
              <measures>攝氏度</measures>
            </elementValue>
          </time>
          <time>
            <startTime>2020-12-25T00:00:00+08:00</startTime>
            <endTime>2020-12-26T00:00:00+08:00</endTime>
            <elementValue>
              <value>16</value>
              <measures>攝氏度</measures>
            </elementValue>
          </time>
          <time>
            <startTime>2020-12-26T00:00:00+08:00</startTime>
            <endTime>2020-12-27T00:00:00+08:00</endTime>
            <elementValue>
              <value>16</value>
              <measures>攝氏度</measures>
            </elementValue>
          </time>
          <time>
            <startTime>2020-12-27T00:00:00+08:00</startTime>
            <endTime>2020-12-28T00:00:00+08:00</endTime>
            <elementValue>
              <value>16</value>
              <measures>攝氏度</measures>
            </elementValue>
          </time>
        </weatherElement>
        <weatherElement>
          <elementName>RH</elementName>
          <description>平均相對濕度</description>
          <time>
            <startTime>2020-12-21T00:00:00+08:00</startTime>
            <endTime>2020-12-22T00:00:00+08:00</endTime>
            <elementValue>
              <value>78</value>
              <measures>百分比</measures>
            </elementValue>
          </time>
          <time>
            <startTime>2020-12-22T00:00:00+08:00</startTime>
            <endTime>2020-12-23T00:00:00+08:00</endTime>
            <elementValue>
              <value>80</value>
              <measures>百分比</measures>
            </elementValue>
          </time>
          <time>
            <startTime>2020-12-23T00:00:00+08:00</startTime>
            <endTime>2020-12-24T00:00:00+08:00</endTime>
            <elementValue>
              <value>78</value>
              <measures>百分比</measures>
            </elementValue>
          </time>
          <time>
            <startTime>2020-12-24T00:00:00+08:00</startTime>
            <endTime>2020-12-25T00:00:00+08:00</endTime>
            <elementValue>
              <value>79</value>
              <measures>百分比</measures>
            </elementValue>
          </time>
          <time>
            <startTime>2020-12-25T00:00:00+08:00</startTime>
            <endTime>2020-12-26T00:00:00+08:00</endTime>
            <elementValue>
              <value>77</value>
              <measures>百分比</measures>
            </elementValue>
          </time>
          <time>
            <startTime>2020-12-26T00:00:00+08:00</startTime>
            <endTime>2020-12-27T00:00:00+08:00</endTime>
            <elementValue>
              <value>77</value>
              <measures>百分比</measures>
            </elementValue>
          </time>
          <time>
            <startTime>2020-12-27T00:00:00+08:00</startTime>
            <endTime>2020-12-28T00:00:00+08:00</endTime>
            <elementValue>
              <value>78</value>
              <measures>百分比</measures>
            </elementValue>
          </time>
        </weatherElement>
        <weatherElement>
          <elementName>MaxT</elementName>
          <description>最高溫度</description>
          <time>
            <startTime>2020-12-21T00:00:00+08:00</startTime>
            <endTime>2020-12-22T00:00:00+08:00</endTime>
            <elementValue>
              <value>20</value>
              <measures>攝氏度</measures>
            </elementValue>
          </time>
          <time>
            <startTime>2020-12-22T00:00:00+08:00</startTime>
            <endTime>2020-12-23T00:00:00+08:00</endTime>
            <elementValue>
              <value>24</value>
              <measures>攝氏度</measures>
            </elementValue>
          </time>
          <time>
            <startTime>2020-12-23T00:00:00+08:00</startTime>
            <endTime>2020-12-24T00:00:00+08:00</endTime>
            <elementValue>
              <value>25</value>
              <measures>攝氏度</measures>
            </elementValue>
          </time>
          <time>
            <startTime>2020-12-24T00:00:00+08:00</startTime>
            <endTime>2020-12-25T00:00:00+08:00</endTime>
            <elementValue>
              <value>25</value>
              <measures>攝氏度</measures>
            </elementValue>
          </time>
          <time>
            <startTime>2020-12-25T00:00:00+08:00</startTime>
            <endTime>2020-12-26T00:00:00+08:00</endTime>
            <elementValue>
              <value>25</value>
              <measures>攝氏度</measures>
            </elementValue>
          </time>
          <time>
            <startTime>2020-12-26T00:00:00+08:00</startTime>
            <endTime>2020-12-27T00:00:00+08:00</endTime>
            <elementValue>
              <value>26</value>
              <measures>攝氏度</measures>
            </elementValue>
          </time>
          <time>
            <startTime>2020-12-27T00:00:00+08:00</startTime>
            <endTime>2020-12-28T00:00:00+08:00</endTime>
            <elementValue>
              <value>26</value>
              <measures>攝氏度</measures>
            </elementValue>
          </time>
        </weatherElement>
        <weatherElement>
          <elementName>MinT</elementName>
          <description>最低溫度</description>
          <time>
            <startTime>2020-12-21T00:00:00+08:00</startTime>
            <endTime>2020-12-22T00:00:00+08:00</endTime>
            <elementValue>
              <value>16</value>
              <measures>攝氏度</measures>
            </elementValue>
          </time>
          <time>
            <startTime>2020-12-22T00:00:00+08:00</startTime>
            <endTime>2020-12-23T00:00:00+08:00</endTime>
            <elementValue>
              <value>17</value>
              <measures>攝氏度</measures>
            </elementValue>
          </time>
          <time>
            <startTime>2020-12-23T00:00:00+08:00</startTime>
            <endTime>2020-12-24T00:00:00+08:00</endTime>
            <elementValue>
              <value>17</value>
              <measures>攝氏度</measures>
            </elementValue>
          </time>
          <time>
            <startTime>2020-12-24T00:00:00+08:00</startTime>
            <endTime>2020-12-25T00:00:00+08:00</endTime>
            <elementValue>
              <value>18</value>
              <measures>攝氏度</measures>
            </elementValue>
          </time>
          <time>
            <startTime>2020-12-25T00:00:00+08:00</startTime>
            <endTime>2020-12-26T00:00:00+08:00</endTime>
            <elementValue>
              <value>17</value>
              <measures>攝氏度</measures>
            </elementValue>
          </time>
          <time>
            <startTime>2020-12-26T00:00:00+08:00</startTime>
            <endTime>2020-12-27T00:00:00+08:00</endTime>
            <elementValue>
              <value>17</value>
              <measures>攝氏度</measures>
            </elementValue>
          </time>
          <time>
            <startTime>2020-12-27T00:00:00+08:00</startTime>
            <endTime>2020-12-28T00:00:00+08:00</endTime>
            <elementValue>
              <value>17</value>
              <measures>攝氏度</measures>
            </elementValue>
          </time>
        </weatherElement>
        <weatherElement>
          <elementName>MaxAT</elementName>
          <description>最高體感溫度</description>
          <time>
            <startTime>2020-12-21T00:00:00+08:00</startTime>
            <endTime>2020-12-22T00:00:00+08:00</endTime>
            <elementValue>
              <value>19</value>
              <measures>攝氏度</measures>
            </elementValue>
          </time>
          <time>
            <startTime>2020-12-22T00:00:00+08:00</startTime>
            <endTime>2020-12-23T00:00:00+08:00</endTime>
            <elementValue>
              <value>24</value>
              <measures>攝氏度</measures>
            </elementValue>
          </time>
          <time>
            <startTime>2020-12-23T00:00:00+08:00</startTime>
            <endTime>2020-12-24T00:00:00+08:00</endTime>
            <elementValue>
              <value>25</value>
              <measures>攝氏度</measures>
            </elementValue>
          </time>
          <time>
            <startTime>2020-12-24T00:00:00+08:00</startTime>
            <endTime>2020-12-25T00:00:00+08:00</endTime>
            <elementValue>
              <value>25</value>
              <measures>攝氏度</measures>
            </elementValue>
          </time>
          <time>
            <startTime>2020-12-25T00:00:00+08:00</startTime>
            <endTime>2020-12-26T00:00:00+08:00</endTime>
            <elementValue>
              <value>25</value>
              <measures>攝氏度</measures>
            </elementValue>
          </time>
          <time>
            <startTime>2020-12-26T00:00:00+08:00</startTime>
            <endTime>2020-12-27T00:00:00+08:00</endTime>
            <elementValue>
              <value>25</value>
              <measures>攝氏度</measures>
            </elementValue>
          </time>
          <time>
            <startTime>2020-12-27T00:00:00+08:00</startTime>
            <endTime>2020-12-28T00:00:00+08:00</endTime>
            <elementValue>
              <value>27</value>
              <measures>攝氏度</measures>
            </elementValue>
          </time>
        </weatherElement>
        <weatherElement>
          <elementName>MinAT</elementName>
          <description>最低體感溫度</description>
          <time>
            <startTime>2020-12-21T00:00:00+08:00</startTime>
            <endTime>2020-12-22T00:00:00+08:00</endTime>
            <elementValue>
              <value>15</value>
              <measures>攝氏度</measures>
            </elementValue>
          </time>
          <time>
            <startTime>2020-12-22T00:00:00+08:00</startTime>
            <endTime>2020-12-23T00:00:00+08:00</endTime>
            <elementValue>
              <value>16</value>
              <measures>攝氏度</measures>
            </elementValue>
          </time>
          <time>
            <startTime>2020-12-23T00:00:00+08:00</startTime>
            <endTime>2020-12-24T00:00:00+08:00</endTime>
            <elementValue>
              <value>16</value>
              <measures>攝氏度</measures>
            </elementValue>
          </time>
          <time>
            <startTime>2020-12-24T00:00:00+08:00</startTime>
            <endTime>2020-12-25T00:00:00+08:00</endTime>
            <elementValue>
              <value>16</value>
              <measures>攝氏度</measures>
            </elementValue>
          </time>
          <time>
            <startTime>2020-12-25T00:00:00+08:00</startTime>
            <endTime>2020-12-26T00:00:00+08:00</endTime>
            <elementValue>
              <value>15</value>
              <measures>攝氏度</measures>
            </elementValue>
          </time>
          <time>
            <startTime>2020-12-26T00:00:00+08:00</startTime>
            <endTime>2020-12-27T00:00:00+08:00</endTime>
            <elementValue>
              <value>15</value>
              <measures>攝氏度</measures>
            </elementValue>
          </time>
          <time>
            <startTime>2020-12-27T00:00:00+08:00</startTime>
            <endTime>2020-12-28T00:00:00+08:00</endTime>
            <elementValue>
              <value>16</value>
              <measures>攝氏度</measures>
            </elementValue>
          </time>
        </weatherElement>
        <weatherElement>
          <elementName>MaxCI</elementName>
          <description>最大舒適度指數</description>
          <time>
            <startTime>2020-12-21T00:00:00+08:00</startTime>
            <endTime>2020-12-22T00:00:00+08:00</endTime>
            <elementValue>
              <value>19</value>
              <measures>NA</measures>
            </elementValue>
          </time>
          <time>
            <startTime>2020-12-22T00:00:00+08:00</startTime>
            <endTime>2020-12-23T00:00:00+08:00</endTime>
            <elementValue>
              <value>22</value>
              <measures>NA</measures>
            </elementValue>
          </time>
          <time>
            <startTime>2020-12-23T00:00:00+08:00</startTime>
            <endTime>2020-12-24T00:00:00+08:00</endTime>
            <elementValue>
              <value>23</value>
              <measures>NA</measures>
            </elementValue>
          </time>
          <time>
            <startTime>2020-12-24T00:00:00+08:00</startTime>
            <endTime>2020-12-25T00:00:00+08:00</endTime>
            <elementValue>
              <value>23</value>
              <measures>NA</measures>
            </elementValue>
          </time>
          <time>
            <startTime>2020-12-25T00:00:00+08:00</startTime>
            <endTime>2020-12-26T00:00:00+08:00</endTime>
            <elementValue>
              <value>23</value>
              <measures>NA</measures>
            </elementValue>
          </time>
          <time>
            <startTime>2020-12-26T00:00:00+08:00</startTime>
            <endTime>2020-12-27T00:00:00+08:00</endTime>
            <elementValue>
              <value>23</value>
              <measures>NA</measures>
            </elementValue>
          </time>
          <time>
            <startTime>2020-12-27T00:00:00+08:00</startTime>
            <endTime>2020-12-28T00:00:00+08:00</endTime>
            <elementValue>
              <value>23</value>
              <measures>NA</measures>
            </elementValue>
          </time>
        </weatherElement>
        <weatherElement>
          <elementName>MinCI</elementName>
          <description>最小舒適度指數</description>
          <time>
            <startTime>2020-12-21T00:00:00+08:00</startTime>
            <endTime>2020-12-22T00:00:00+08:00</endTime>
            <elementValue>
              <value>16</value>
              <measures>NA</measures>
            </elementValue>
          </time>
          <time>
            <startTime>2020-12-22T00:00:00+08:00</startTime>
            <endTime>2020-12-23T00:00:00+08:00</endTime>
            <elementValue>
              <value>16</value>
              <measures>NA</measures>
            </elementValue>
          </time>
          <time>
            <startTime>2020-12-23T00:00:00+08:00</startTime>
            <endTime>2020-12-24T00:00:00+08:00</endTime>
            <elementValue>
              <value>17</value>
              <measures>NA</measures>
            </elementValue>
          </time>
          <time>
            <startTime>2020-12-24T00:00:00+08:00</startTime>
            <endTime>2020-12-25T00:00:00+08:00</endTime>
            <elementValue>
              <value>18</value>
              <measures>NA</measures>
            </elementValue>
          </time>
          <time>
            <startTime>2020-12-25T00:00:00+08:00</startTime>
            <endTime>2020-12-26T00:00:00+08:00</endTime>
            <elementValue>
              <value>16</value>
              <measures>NA</measures>
            </elementValue>
          </time>
          <time>
            <startTime>2020-12-26T00:00:00+08:00</startTime>
            <endTime>2020-12-27T00:00:00+08:00</endTime>
            <elementValue>
              <value>16</value>
              <measures>NA</measures>
            </elementValue>
          </time>
          <time>
            <startTime>2020-12-27T00:00:00+08:00</startTime>
            <endTime>2020-12-28T00:00:00+08:00</endTime>
            <elementValue>
              <value>16</value>
              <measures>NA</measures>
            </elementValue>
          </time>
        </weatherElement>
        <weatherElement>
          <elementName>PoP24h</elementName>
          <description>24小時降雨機率</description>
          <time>
            <startTime>2020-12-21T00:00:00+08:00</startTime>
            <endTime>2020-12-22T00:00:00+08:00</endTime>
            <elementValue>
              <value>20</value>
              <measures>百分比</measures>
            </elementValue>
          </time>
          <time>
            <startTime>2020-12-22T00:00:00+08:00</startTime>
            <endTime>2020-12-23T00:00:00+08:00</endTime>
            <elementValue>
              <value>20</value>
              <measures>百分比</measures>
            </elementValue>
          </time>
          <time>
            <startTime>2020-12-23T00:00:00+08:00</startTime>
            <endTime>2020-12-24T00:00:00+08:00</endTime>
            <elementValue>
              <value>10</value>
              <measures>百分比</measures>
            </elementValue>
          </time>
          <time>
            <startTime>2020-12-24T00:00:00+08:00</startTime>
            <endTime>2020-12-25T00:00:00+08:00</endTime>
            <elementValue>
              <value> </value>
              <measures>百分比</measures>
            </elementValue>
          </time>
          <time>
            <startTime>2020-12-25T00:00:00+08:00</startTime>
            <endTime>2020-12-26T00:00:00+08:00</endTime>
            <elementValue>
              <value> </value>
              <measures>百分比</measures>
            </elementValue>
          </time>
          <time>
            <startTime>2020-12-26T00:00:00+08:00</startTime>
            <endTime>2020-12-27T00:00:00+08:00</endTime>
            <elementValue>
              <value> </value>
              <measures>百分比</measures>
            </elementValue>
          </time>
          <time>
            <startTime>2020-12-27T00:00:00+08:00</startTime>
            <endTime>2020-12-28T00:00:00+08:00</endTime>
            <elementValue>
              <value> </value>
              <measures>百分比</measures>
            </elementValue>
          </time>
        </weatherElement>
        <weatherElement>
          <elementName>WD</elementName>
          <description>風向</description>
          <time>
            <startTime>2020-12-21T00:00:00+08:00</startTime>
            <endTime>2020-12-22T00:00:00+08:00</endTime>
            <elementValue>
              <value>偏北風</value>
              <measures>8方位</measures>
            </elementValue>
          </time>
          <time>
            <startTime>2020-12-22T00:00:00+08:00</startTime>
            <endTime>2020-12-23T00:00:00+08:00</endTime>
            <elementValue>
              <value>偏北風</value>
              <measures>8方位</measures>
            </elementValue>
          </time>
          <time>
            <startTime>2020-12-23T00:00:00+08:00</startTime>
            <endTime>2020-12-24T00:00:00+08:00</endTime>
            <elementValue>
              <value>偏南風</value>
              <measures>8方位</measures>
            </elementValue>
          </time>
          <time>
            <startTime>2020-12-24T00:00:00+08:00</startTime>
            <endTime>2020-12-25T00:00:00+08:00</endTime>
            <elementValue>
              <value>偏北風</value>
              <measures>8方位</measures>
            </elementValue>
          </time>
          <time>
            <startTime>2020-12-25T00:00:00+08:00</startTime>
            <endTime>2020-12-26T00:00:00+08:00</endTime>
            <elementValue>
              <value>偏北風</value>
              <measures>8方位</measures>
            </elementValue>
          </time>
          <time>
            <startTime>2020-12-26T00:00:00+08:00</startTime>
            <endTime>2020-12-27T00:00:00+08:00</endTime>
            <elementValue>
              <value>西南風</value>
              <measures>8方位</measures>
            </elementValue>
          </time>
          <time>
            <startTime>2020-12-27T00:00:00+08:00</startTime>
            <endTime>2020-12-28T00:00:00+08:00</endTime>
            <elementValue>
              <value>偏北風</value>
              <measures>8方位</measures>
            </elementValue>
          </time>
        </weatherElement>
        <weatherElement>
          <elementName>WS</elementName>
          <description>最大風速</description>
          <time>
            <startTime>2020-12-21T00:00:00+08:00</startTime>
            <endTime>2020-12-22T00:00:00+08:00</endTime>
            <elementValue>
              <value>4</value>
              <measures>公尺/秒</measures>
            </elementValue>
            <elementValue>
              <value>3</value>
              <measures>蒲福風級</measures>
            </elementValue>
          </time>
          <time>
            <startTime>2020-12-22T00:00:00+08:00</startTime>
            <endTime>2020-12-23T00:00:00+08:00</endTime>
            <elementValue>
              <value>5</value>
              <measures>公尺/秒</measures>
            </elementValue>
            <elementValue>
              <value>3</value>
              <measures>蒲福風級</measures>
            </elementValue>
          </time>
          <time>
            <startTime>2020-12-23T00:00:00+08:00</startTime>
            <endTime>2020-12-24T00:00:00+08:00</endTime>
            <elementValue>
              <value>5</value>
              <measures>公尺/秒</measures>
            </elementValue>
            <elementValue>
              <value>3</value>
              <measures>蒲福風級</measures>
            </elementValue>
          </time>
          <time>
            <startTime>2020-12-24T00:00:00+08:00</startTime>
            <endTime>2020-12-25T00:00:00+08:00</endTime>
            <elementValue>
              <value>5</value>
              <measures>公尺/秒</measures>
            </elementValue>
            <elementValue>
              <value>3</value>
              <measures>蒲福風級</measures>
            </elementValue>
          </time>
          <time>
            <startTime>2020-12-25T00:00:00+08:00</startTime>
            <endTime>2020-12-26T00:00:00+08:00</endTime>
            <elementValue>
              <value>4</value>
              <measures>公尺/秒</measures>
            </elementValue>
            <elementValue>
              <value>3</value>
              <measures>蒲福風級</measures>
            </elementValue>
          </time>
          <time>
            <startTime>2020-12-26T00:00:00+08:00</startTime>
            <endTime>2020-12-27T00:00:00+08:00</endTime>
            <elementValue>
              <value>4</value>
              <measures>公尺/秒</measures>
            </elementValue>
            <elementValue>
              <value>3</value>
              <measures>蒲福風級</measures>
            </elementValue>
          </time>
          <time>
            <startTime>2020-12-27T00:00:00+08:00</startTime>
            <endTime>2020-12-28T00:00:00+08:00</endTime>
            <elementValue>
              <value>4</value>
              <measures>公尺/秒</measures>
            </elementValue>
            <elementValue>
              <value>3</value>
              <measures>蒲福風級</measures>
            </elementValue>
          </time>
        </weatherElement>
        <weatherElement>
          <elementName>Wx</elementName>
          <description>天氣現象</description>
          <time>
            <startTime>2020-12-21T00:00:00+08:00</startTime>
            <endTime>2020-12-22T00:00:00+08:00</endTime>
            <elementValue>
              <value>多雲時陰</value>
              <measures>自定義 Wx 文字</measures>
            </elementValue>
            <elementValue>
              <value>05</value>
              <measures>自定義 Wx 單位</measures>
            </elementValue>
          </time>
          <time>
            <startTime>2020-12-22T00:00:00+08:00</startTime>
            <endTime>2020-12-23T00:00:00+08:00</endTime>
            <elementValue>
              <value>多雲</value>
              <measures>自定義 Wx 文字</measures>
            </elementValue>
            <elementValue>
              <value>04</value>
              <measures>自定義 Wx 單位</measures>
            </elementValue>
          </time>
          <time>
            <startTime>2020-12-23T00:00:00+08:00</startTime>
            <endTime>2020-12-24T00:00:00+08:00</endTime>
            <elementValue>
              <value>陰時多雲</value>
              <measures>自定義 Wx 文字</measures>
            </elementValue>
            <elementValue>
              <value>06</value>
              <measures>自定義 Wx 單位</measures>
            </elementValue>
          </time>
          <time>
            <startTime>2020-12-24T00:00:00+08:00</startTime>
            <endTime>2020-12-25T00:00:00+08:00</endTime>
            <elementValue>
              <value>多雲</value>
              <measures>自定義 Wx 文字</measures>
            </elementValue>
            <elementValue>
              <value>04</value>
              <measures>自定義 Wx 單位</measures>
            </elementValue>
          </time>
          <time>
            <startTime>2020-12-25T00:00:00+08:00</startTime>
            <endTime>2020-12-26T00:00:00+08:00</endTime>
            <elementValue>
              <value>多雲時晴</value>
              <measures>自定義 Wx 文字</measures>
            </elementValue>
            <elementValue>
              <value>03</value>
              <measures>自定義 Wx 單位</measures>
            </elementValue>
          </time>
          <time>
            <startTime>2020-12-26T00:00:00+08:00</startTime>
            <endTime>2020-12-27T00:00:00+08:00</endTime>
            <elementValue>
              <value>晴時多雲</value>
              <measures>自定義 Wx 文字</measures>
            </elementValue>
            <elementValue>
              <value>02</value>
              <measures>自定義 Wx 單位</measures>
            </elementValue>
          </time>
          <time>
            <startTime>2020-12-27T00:00:00+08:00</startTime>
            <endTime>2020-12-28T00:00:00+08:00</endTime>
            <elementValue>
              <value>晴時多雲</value>
              <measures>自定義 Wx 文字</measures>
            </elementValue>
            <elementValue>
              <value>02</value>
              <measures>自定義 Wx 單位</measures>
            </elementValue>
          </time>
        </weatherElement>
        <weatherElement>
          <elementName>UVI</elementName>
          <description>紫外線指數</description>
          <time>
            <startTime>2020-12-21T06:00:00+08:00</startTime>
            <endTime>2020-12-21T18:00:00+08:00</endTime>
            <elementValue>
              <value>3</value>
              <measures>紫外線指數</measures>
            </elementValue>
            <elementValue>
              <value>中量級</value>
              <measures>曝曬級數</measures>
            </elementValue>
          </time>
          <time>
            <startTime>2020-12-22T06:00:00+08:00</startTime>
            <endTime>2020-12-22T18:00:00+08:00</endTime>
            <elementValue>
              <value>4</value>
              <measures>紫外線指數</measures>
            </elementValue>
            <elementValue>
              <value>中量級</value>
              <measures>曝曬級數</measures>
            </elementValue>
          </time>
          <time>
            <startTime>2020-12-23T06:00:00+08:00</startTime>
            <endTime>2020-12-23T18:00:00+08:00</endTime>
            <elementValue>
              <value>4</value>
              <measures>紫外線指數</measures>
            </elementValue>
            <elementValue>
              <value>中量級</value>
              <measures>曝曬級數</measures>
            </elementValue>
          </time>
          <time>
            <startTime>2020-12-24T06:00:00+08:00</startTime>
            <endTime>2020-12-24T18:00:00+08:00</endTime>
            <elementValue>
              <value>4</value>
              <measures>紫外線指數</measures>
            </elementValue>
            <elementValue>
              <value>中量級</value>
              <measures>曝曬級數</measures>
            </elementValue>
          </time>
          <time>
            <startTime>2020-12-25T06:00:00+08:00</startTime>
            <endTime>2020-12-25T18:00:00+08:00</endTime>
            <elementValue>
              <value>4</value>
              <measures>紫外線指數</measures>
            </elementValue>
            <elementValue>
              <value>中量級</value>
              <measures>曝曬級數</measures>
            </elementValue>
          </time>
          <time>
            <startTime>2020-12-26T06:00:00+08:00</startTime>
            <endTime>2020-12-26T18:00:00+08:00</endTime>
            <elementValue>
              <value>5</value>
              <measures>紫外線指數</measures>
            </elementValue>
            <elementValue>
              <value>中量級</value>
              <measures>曝曬級數</measures>
            </elementValue>
          </time>
          <time>
            <startTime>2020-12-27T06:00:00+08:00</startTime>
            <endTime>2020-12-27T18:00:00+08:00</endTime>
            <elementValue>
              <value>4</value>
              <measures>紫外線指數</measures>
            </elementValue>
            <elementValue>
              <value>中量級</value>
              <measures>曝曬級數</measures>
            </elementValue>
          </time>
        </weatherElement>
        <weatherElement>
          <elementName>WeatherDescription</elementName>
          <description>天氣預報綜合描述</description>
          <time>
            <startTime>2020-12-21T00:00:00+08:00</startTime>
            <endTime>2020-12-22T00:00:00+08:00</endTime>
            <elementValue>
              <value>多雲時陰。降雨機率 20%。溫度攝氏16至20度。稍有寒意。偏北風 風速3級(每秒4公尺)。相對濕度78%。</value>
              <measures>NA</measures>
            </elementValue>
          </time>
          <time>
            <startTime>2020-12-22T00:00:00+08:00</startTime>
            <endTime>2020-12-23T00:00:00+08:00</endTime>
            <elementValue>
              <value>多雲。降雨機率 20%。溫度攝氏17至24度。稍有寒意至舒適。偏北風 風速3級(每秒5公尺)。相對濕度80%。</value>
              <measures>NA</measures>
            </elementValue>
          </time>
          <time>
            <startTime>2020-12-23T00:00:00+08:00</startTime>
            <endTime>2020-12-24T00:00:00+08:00</endTime>
            <elementValue>
              <value>陰時多雲。降雨機率 10%。溫度攝氏17至25度。稍有寒意至舒適。偏南風 風速3級(每秒5公尺)。相對濕度78%。</value>
              <measures>NA</measures>
            </elementValue>
          </time>
          <time>
            <startTime>2020-12-24T00:00:00+08:00</startTime>
            <endTime>2020-12-25T00:00:00+08:00</endTime>
            <elementValue>
              <value>多雲。溫度攝氏18至25度。稍有寒意至舒適。偏北風 風速3級(每秒5公尺)。相對濕度79%。</value>
              <measures>NA</measures>
            </elementValue>
          </time>
          <time>
            <startTime>2020-12-25T00:00:00+08:00</startTime>
            <endTime>2020-12-26T00:00:00+08:00</endTime>
            <elementValue>
              <value>多雲時晴。溫度攝氏17至25度。稍有寒意至舒適。偏北風 風速3級(每秒4公尺)。相對濕度77%。</value>
              <measures>NA</measures>
            </elementValue>
          </time>
          <time>
            <startTime>2020-12-26T00:00:00+08:00</startTime>
            <endTime>2020-12-27T00:00:00+08:00</endTime>
            <elementValue>
              <value>晴時多雲。溫度攝氏17至26度。稍有寒意至舒適。西南風 風速3級(每秒4公尺)。相對濕度77%。</value>
              <measures>NA</measures>
            </elementValue>
          </time>
          <time>
            <startTime>2020-12-27T00:00:00+08:00</startTime>
            <endTime>2020-12-28T00:00:00+08:00</endTime>
            <elementValue>
              <value>晴時多雲。溫度攝氏17至26度。稍有寒意至舒適。偏北風 風速3級(每秒4公尺)。相對濕度78%。</value>
              <measures>NA</measures>
            </elementValue>
          </time>
        </weatherElement>
      </location>
    </locations>
  </dataset>
</cwbopendata>
